source,author,title,description,url,urlToImage,publishedAt
Engadget,Kris Holt,Apple HomePods now have native YouTube Music support,"The Venn diagram of HomePod
 owners and YouTube Music
 subscribers probably doesn't have a lot of overlap. However, those who use both Apple's speakers and Google's music streaming service may be pleased to learn that the two now play more nicely together. …",https://www.engadget.com/apple-homepods-now-have-native-youtube-music-support-180428371.html,https://s.yimg.com/ny/api/res/1.2/xqllV5.FFNDDCOxn0hErUg--/YXBwaWQ9aGlnaGxhbmRlcjt3PTEyMDA7aD04MDA-/https://s.yimg.com/os/creatr-uploaded-images/2023-01/61b75040-a107-11ed-a7be-7ad5419077a5,2023-10-23T18:04:28Z
Business Insider,Theron Mohamed,"America is in a 'cardboard-box recession,' demand for services is cooling, and inflation could surge again, Charles Schwab's top global strategist says",Charles Schwab's Jeffrey Kleintop touched on everything from Taylor Swift and Beyoncé to the credit crunch squeezing small businesses.,https://www.businessinsider.com/cardboard-box-recession-services-inflation-economy-outlook-charles-schwab-kleintop-2023-10,https://i.insider.com/652ffebc211def8ed838277e?width=1200&format=jpeg,2023-10-19T09:10:24Z
Business Insider,mberg@insider.com (Madeline Berg),There's one thing Taylor Swift isn't talking about,Taylor Swift is a billionaire after her Eras Tour and movie boosted her 2023 net worth. The pop star's brand benefits from her downplaying her wealth.,https://www.businessinsider.com/taylor-swift-billionaire-downplay-net-worth-brand-2023-11,https://i.insider.com/6541351e356802a56be8b95b?width=1200&format=jpeg,2023-11-01T09:24:01Z
Business Insider,Kai Xiang Teo,"Splurging on Taylor Swift tickets and a 'funflation' economy is hitting Best Buy's sales, says its CEO","""'Funflation,' Taylor Swift… those experiences are really where people are willing to pay,"" said Corie Barry, the CEO of electronics retailer Best Buy.",https://www.businessinsider.com/taylor-swift-tickets-funflation-hurting-best-buy-sales-ceo-2023-10,https://i.insider.com/652cbba36561dd877e7b0134?width=1200&format=jpeg,2023-10-16T06:43:59Z
Business Insider,Dan Latu,"A Taylor Swift Airbnb is a bachelorette dream home where megafans can bask in her ""Eras"" for up to $1,400 a night","You can rent this Taylor Swift Airbnb in Scottsdale, Arizona. Each room is devoted to a different era, from ""Reputation"" to ""Lover"" to ""Folklore.""",https://www.businessinsider.com/taylor-swift-airbnb-eras-1989-lover-reputation-folklore-evermore-2023-11,https://i.insider.com/65424f6136d588dc55c7b7c2?width=1200&format=jpeg,2023-11-01T15:29:50Z
Business Insider,Juliana Kaplan,"A movie theater staffer describes what it was like to work Taylor Swift's Eras Tour film premiere, which was so loud it blew out 2 amps",Taylor Swift's Eras Tour film was so loud it blew the sound system in one theater.,https://www.businessinsider.com/taylor-swift-eras-tour-movie-movie-theater-worker-2023-10,https://i.insider.com/652eee53be9edfa8eda32e25?width=1200&format=jpeg,2023-10-21T11:59:01Z
Business Insider,Jordan Hart,"Gen Z's financial icons revealed: Taylor Swift beats Warren Buffett, and Bill Gates tops the list","Bill Gates, Beyoncé, and Oprah Winfrey made the list of people who embody financial success for Gen Z, according to a new survey of college students.",https://www.businessinsider.com/taylor-swift-jeff-bezos-elon-musk-top-financial-icons-genz-2023-11,https://i.insider.com/65451e96b788914e554fd179?width=1200&format=jpeg,2023-11-04T08:56:01Z
Business Insider,Jenny McGrath,"Dolly Parton, Taylor Swift, and more celebrities with species named after them","Some scientists love naming new species after celebrities. From David Bowie's spider to Dolly Parton's lichen, here are famously named species.",https://www.businessinsider.com/celebrity-species-named-eponyms-nomenclature-taxonomy,https://i.insider.com/654ec0aab788914e55547b68?width=1200&format=jpeg,2023-11-12T12:47:02Z
Buzzfeed,Julia Corrigan,"16 Hilarious Fails From The Internet This Week That Will Make You Laugh So Hard You'll Be Texting This Article To Your Friends Saying ""You Have To Look At This""",I had to include the Taylor Swift pumpkin because I have been thinking about it every day.View Entire Post ›,https://www.buzzfeed.com/juliacorrigan/internet-fails-from-this-week-10-30,"https://img.buzzfeed.com/buzzfeed-static/static/2023-10/30/19/enhanced/61cb734033b8/original-419-1698694060-2.jpg?crop=1245:651;4,15%26downsize=1250:*",2023-10-30T20:25:23Z
Business Insider,"Grace Kay,Taylor Rains",Elon Musk appears to have given up on trying to camouflage his private-jet travels with an FAA program used by Jeff Bezos and Taylor Swift,"Elon Musk had signed up for the FAA's PIA program that allows private jet owners to fly incognito, but he appears to have stopped using it for now.",https://www.businessinsider.com/elon-musk-appears-no-longer-masking-private-jet-tracking-pia-2023-10,https://i.insider.com/653a86af96f7540cd0668803?width=1200&format=jpeg,2023-10-28T09:07:01Z
ABC News,ABC News,WATCH: Taylor Swift and Travis Kelce share a kiss after her Buenos Aires concert,Video shows the singer and Chiefs’ tight end embracing each other after her show.,https://abcnews.go.com/GMA/Culture/video/taylor-swift-travis-kelce-share-kiss-after-buenos-104833734,https://i.abcnewsfe.com/a/5e5b97ce-aac7-4f91-9c55-a9a5d98ec763/231112_gma_digital_tswiftkelcekiss_hpMain_9x16.jpg?w=992,2023-11-12T21:41:20Z
Buzzfeed,Mychal Thompson,"People Are Reacting To Fans Going Wild For The ""Taylor Swift: The Eras Tour"" Concert Film",The audiences for this movie are going bananas.View Entire Post ›,https://www.buzzfeed.com/mychalthompson/taylor-swift-eras-tour-movie-reactions,"https://img.buzzfeed.com/buzzfeed-static/static/2023-10/14/18/enhanced/ee485c8a43ac/original-1382-1697306862-2.jpg?crop=1581:830;0,0%26downsize=1250:*",2023-10-14T18:21:08Z
Business Insider,gglover@insider.com (George Glover),Cricket-mad India is hosting the World Cup – and tickets are reselling at astronomical prices,A former derivatives trader told Bloomberg he'd resold his seat for Saturday's clash between India and Pakistan at 780% above its original value.,https://www.businessinsider.com/cricket-world-cup-india-pakistan-tickets-resale-price-virat-kohli-2023-10,https://i.insider.com/6527ec3255f52b01b35dad92?width=1200&format=jpeg,2023-10-13T08:41:14Z
Buzzfeed,Kristen Harris,"14 Celebs Who Have Literally Offered Their Homes, Money, And Other Resources To Other Celebs","When Taylor Swift first bought her NYC penthouse in 2014, her then-close friend Karlie Kloss stayed over often enough that she essentially had her own room. It had a basket of Karlie's favorite Whole Foods snacks and pictures of her on the wall.View Entire Po…",https://www.buzzfeed.com/kristenharris1/celebs-helped-famous-friends,"https://img.buzzfeed.com/buzzfeed-static/static/2023-10/25/19/enhanced/fae98146dde3/original-952-1698263644-2.jpg?crop=1246:652;0,7%26downsize=1250:*",2023-10-26T16:16:02Z
Business Insider,Kai Xiang Teo,Nvidia boss Jensen Huang joked that Jackie Chan should play him in a movie,"""I'll do my own stunts, yeah. I'll do all my own typing,"" Nvidia CEO Jensen Huang joked.",https://www.businessinsider.com/nvidia-jensen-huang-joked-jackie-chan-play-him-movie-2023-11,https://i.insider.com/6548574236d588dc55cb2ccb?width=1200&format=jpeg,2023-11-06T06:03:33Z
Business Insider,Dan DeFrancesco,The boomer market boon,Baby Boomers are dominating the economy these days. Here's how you can invest to cash-in on their spending spree.,https://www.businessinsider.com/news-today-october-30-baby-boomer-investing-strategy-2023-10,https://i.insider.com/653c1a710487ff031cb12133?width=1200&format=jpeg,2023-10-30T12:52:11Z
Business Insider,Theron Mohamed,"Mark Zuckerberg's Meta has lost nearly $50 billion on the metaverse - more than Ford, Hershey, or Kraft Heinz are worth","Facebook-parent Meta has lost $47 billion in its metaverse division in under five years, a sum that's close to the market value of Chipotle or Target.",https://markets.businessinsider.com/news/stocks/mark-zuckerberg-facebook-meta-stock-metaverse-losses-big-tech-investments-2023-10,https://i.insider.com/653b8e5d96f7540cd0676c69?width=1200&format=jpeg,2023-10-27T11:08:27Z
Bleacher Report,Adam Wells,"TMZ: Taylor Swift, Travis Kelce Spending 'Entire Weekend Together' After Chiefs' Win",All the cynics and skeptics about Taylor Swift and Travis Kelce's relationship may not want to place want bets about it being entirely a public relations…,https://bleacherreport.com/articles/10093256-tmz-taylor-swift-travis-kelce-spending-entire-weekend-together-after-chiefs-win,"https://media.bleacherreport.com/image/upload/c_fill,g_faces,w_3800,h_2000,q_95/v1697217950/gpffjvnyv1bvtspnuthk.jpg",2023-10-13T17:41:06Z
Bleacher Report,Mike Chiari,"Report: Taylor Swift, Travis Kelce 'Are All in' on Relationship amid Dating Rumors",Things are reportedly getting pretty serious between Kansas City Chiefs All-Pro tight end Travis Kelce and global music megastar Taylor Swift. According to…,https://bleacherreport.com/articles/10094089-report-taylor-swift-travis-kelce-are-all-in-on-relationship-amid-dating-rumors,"https://media.bleacherreport.com/image/upload/x_0,y_81,w_1796,h_1198,c_crop/c_fill,g_faces,w_3800,h_2000,q_95/v1697746386/q3rdcgdqhkbnrvasopgl.jpg",2023-10-19T20:39:56Z
Bleacher Report,Doric Sam,"Lakers' Austin Reaves, Taylor Swift Dating Rumor Started by Clippers Staffer","Before pop superstar Taylor Swift and Kansas City Chiefs tight end Travis Kelce were ever linked to one another, the singer/songwriter was rumored over the…",https://bleacherreport.com/articles/10093918-lakers-austin-reaves-taylor-swift-dating-rumor-started-by-clippers-staffer,"https://media.bleacherreport.com/image/upload/c_fill,g_faces,w_3800,h_2000,q_95/v1697643399/qjrhm5700hhdjxwyn1n2.jpg",2023-10-18T16:06:03Z
Business Insider,Jennifer Ortakales Dawkins,"I use a rainy day cash fund to splurge on items like SZA tickets. My method is a little 'girl math' and a little 'cash stuffing,' but it works for me.","I knew I would regret not going to the SZA concert more than I'd regret spending the money, so I did a bit of ""girl math"" and decided to go for it.",https://www.businessinsider.com/rainy-day-cash-fund-helped-pay-sza-concert-tickets-2023-10,https://i.insider.com/65297bea68f1d46f52b15c3f?width=1200&format=jpeg,2023-10-15T10:58:01Z
Buzzfeed,Ivana Peloza,Get Your Parkas Ready For December 2024 – Canadian Swifties Haven't Been Able To Focus Since Taylor Swift JUST Announced Three New Concert Dates,Step 1) Register for Verified Fan Presale on Ticketmaster. Step 2) Look at flights to Vancouver.View Entire Post ›,https://www.buzzfeed.com/ivanapeloza/taylor-swift-adds-three-vancouver-shows-to-the-eras-tour,https://img.buzzfeed.com/buzzfeed-static/static/2023-11/2/21/campaign_images/85466e85d9cb/canadian-swifties-this-is-not-a-drill-taylor-swif-3-963-1698961472-1_dblbig.jpg,2023-11-02T21:44:37Z
Bleacher Report,Joseph Zucker,"TMZ: Travis Kelce, Taylor Swift Dating 'Overwhelming' for Jason, Mom Donna and Family","Kansas City Chiefs tight end Travis Kelce's relationship with Taylor Swift has been an adjustment for the entire Kelce family, according to TMZ Sports.…",https://bleacherreport.com/articles/10095508-tmz-travis-kelce-taylor-swift-dating-overwhelming-for-jason-mom-donna-and-family,"https://media.bleacherreport.com/image/upload/x_8,y_58,w_1786,h_1190,c_crop/c_fill,g_faces,w_3800,h_2000,q_95/v1698761798/ptqkmegssukz9gbqj0ex.jpg",2023-10-31T14:35:29Z
Bleacher Report,Erin Walsh,Chiefs' Travis Kelce: 'I Blacked Out' During 'SNL' Appearance Featuring Taylor Swift,"Travis Kelce made his Saturday Night Live debut in March, and the Kansas City Chiefs tight end returned to the set of the esteemed comedy show this past…",https://bleacherreport.com/articles/10093880-chiefs-travis-kelce-i-blacked-out-during-snl-appearance-featuring-taylor-swift,"https://media.bleacherreport.com/image/upload/c_fill,g_faces,w_3800,h_2000,q_95/v1697635975/t2kxovhebnz8iictwgbm.jpg",2023-10-18T13:49:02Z
Bleacher Report,Erin Walsh,Report: Travis Kelce to Visit Taylor Swift in Argentina amid Chiefs' Bye Week,"Travis Kelce is reportedly traveling to Argentina during the Kansas City Chiefs' bye week, and for good reason. Kelce will be traveling to the South American…",https://bleacherreport.com/articles/10096698-report-travis-kelce-to-visit-taylor-swift-in-argentina-amid-chiefs-bye-week,"https://media.bleacherreport.com/image/upload/c_fill,g_faces,w_3800,h_2000,q_95/v1699540097/hacj0a2afjmnmpwu0ir0.jpg",2023-11-09T14:48:14Z
Bleacher Report,Julia Stumbaugh,"Video: Broncos Play Taylor Swift's 'Shake It Off' After Beating Travis Kelce, Chiefs",The Kansas City Chiefs need to shake off their 24-9 loss to the Denver Broncos Sunday. That's what the home team indicated with their postgame song choice.…,https://bleacherreport.com/articles/10095337-video-broncos-play-taylor-swifts-shake-it-off-after-beating-travis-kelce-chiefs,"https://media.bleacherreport.com/image/upload/c_fill,g_faces,w_3800,h_2000,q_95/v1698628312/lylrkrhno42i6gnu4vco.jpg",2023-10-30T01:31:09Z
Bleacher Report,Adam Wells,"Tom Brady, Josh Allen Reveal Michael Jordan, LeBron James and More Audible Code Words","If you've ever wondered about some of the coded language quarterbacks use to call out audibles on the field, Tom Brady and Josh Allen shared some that have…",https://bleacherreport.com/articles/10095509-tom-brady-josh-allen-reveal-michael-jordan-lebron-james-and-more-audible-code-words,"https://media.bleacherreport.com/image/upload/c_fill,g_faces,w_3800,h_2000,q_95/v1698761512/e86eiizexphw9yaq4yr2.jpg",2023-10-31T14:44:46Z
Associated Press,,"Voters to decide KY governor, OH abortion rights and VA legislative control... Developing...","Voters to decide KY governor, OH abortion rights and VA legislative control... Developing...

 
 
 
 (First column, 1st story, link)

 

 

 
 Related stories:Dems seek upset in MS gov race...
Youngkin's Presidential Ambitions Face Test...",https://apnews.com/live/election-2023-live-updates,https://dims.apnews.com/dims4/default/6d134c9/2147483647/strip/true/crop/4981x2802+0+260/resize/1440x810!/quality/90/?url=https%3A%2F%2Fassets.apnews.com%2F3c%2F29%2Fd4cf2b57944b1115ad4716b605c5%2Fbf6c942dd7c64d5a89fd0f4b032ef7c2,2023-11-07T17:07:37Z
ESPN,J.J. Post,Roles reversed: Kelce uses bye week to attend Swift's performance,"After weeks of Taylor Swift making headlines for attending Chiefs games, it was Travis Kelce's turn to garner attention with his appearance in Buenos Aires.",https://www.espn.com/nfl/story/_/id/38856898/travis-kelce-eras-tour-taylor-swift,https://a2.espncdn.com/combiner/i?img=%2Fphoto%2F2023%2F1111%2Fr1251594_2_1208x680_16%2D9.jpg,2023-11-11T04:12:01Z
ESPN,Anthony Gharib,Taylor Swift takes in Chargers-Chiefs at Arrowhead in Week 7,Taylor Swift is back at Arrowhead Stadium for the second week in a row to watch the Los Angeles Chargers take on the Kansas City Chiefs.,https://www.espn.com/nfl/story/_/id/38718927/taylor-swift-travis-kelce-kansas-city-chiefs-los-angeles-chargers,https://a.espncdn.com/combiner/i?img=%2Fphoto%2F2023%2F1022%2Fr1242036_1296x729_16%2D9.jpg,2023-10-22T20:56:44Z
Business Insider,Dan DeFrancesco,Goldman exec exits revealed,Insider analysis of partner exits under CEO David Solomon provides a fascinating look at the turnover at one of Wall Street's most prestigious banks.,https://www.businessinsider.com/news-today-october-27-goldman-sachs-partners-leaving-david-solomon-2023-9,https://i.insider.com/653ac22e96f7540cd0670975?width=1200&format=jpeg,2023-10-27T14:10:49Z
Business Insider,Diamond Naga Siu,Insider Today: Financial freedom's reality,Two people who consider themselves financially free shared a glimpse of what their lives are like — and it's actually a lot of work.,https://www.businessinsider.com/etsy-financial-freedom-digital-goods-entrepreneur-2023-11,https://i.insider.com/63481cb0c03fe400197b5d8c?width=1200&format=jpeg,2023-11-11T12:01:01Z
CBC News,,What Taylor Swift and Beyoncé's concert films mean for movie theatres,"Among the world’s most successful recording artists, Taylor Swift and Beyoncé are both leveraging their power to determine how and when their concert films — documenting tours that have become social media phenomena — will be seen.",https://www.cbc.ca/news/entertainment/taylor-swift-beyonce-concert-films-1.6995979,https://i.cbc.ca/1.6996000.1697232425!/fileImage/httpImage/image.jpg_gen/derivatives/16x9_620/1730942892.jpg,2023-10-14T08:00:00Z
CBC News,,'Unprecedented' opening weekend vaults Taylor Swift: The Eras Tour to top of box office,"Movie theatres turned into concert venues this weekend as Swifties brought their unparalleled enthusiasm to multiplexes across North America, helping propel Taylor Swift: The Eras Tour to a massive, first place debut.",https://www.cbc.ca/news/entertainment/taylor-swift-eras-tour-film-box-office-1.6996944,https://i.cbc.ca/1.6996950.1697393464!/fileImage/httpImage/image.JPG_gen/derivatives/16x9_620/film-concert-taylor-swift.JPG,2023-10-15T18:45:44Z
CBC News,,"Taylor Swift commands a huge fan base — and for some, it borders on spiritual","There’s been a fervent fan base surrounding Taylor Swift and her brand of music since she burst onto the scene in 2006. But more recently, that devotion has been taken to new heights, particularly given the record-breaking success of her worldwide Eras Tour c…",https://www.cbc.ca/radio/tapestry/taylor-swift-fandom-spirituality-1.7000176,https://i.cbc.ca/1.7000213.1697665749!/fileImage/httpImage/image.jpg_gen/derivatives/16x9_620/1730788866.jpg,2023-10-22T08:00:00Z
Business Insider,Madeline Berg,AMC's CEO thought he was texting naughty photos to a former ballerina fling. Then everything went haywire.,A monthslong blackmail attempt for hundreds of thousands of dollars targeted AMC's CEO Adam Aron. He stood his ground.,https://www.businessinsider.com/extortion-blackmail-plot-against-amc-ceo-adam-aron-2023-10,https://i.insider.com/653a88410487ff031caf482e?width=1200&format=jpeg,2023-10-27T09:17:01Z
Business Insider,Alistair Barr,"In a world of infinite AI, the new luxury item will be humans","An explosion of commoditized machine-generated products and services will make human-centered offerings rarer, more desirable and therefore more valuable.",https://www.businessinsider.com/ai-artificial-intelligence-new-luxury-item-will-be-humans-2023-10,https://i.insider.com/65380c890487ff031cad02f0?width=1200&format=jpeg,2023-10-25T09:00:02Z
Business Insider,Haley Tenore,"Home prices are dropping fast in Phoenix. Here are 6 of the lowest-priced real estate listings there right now — including one at $215,000.","Real estate prices are falling in 10 markets across the US. Phoenix is one. Here are six of the cheapest listings there, including one for $215,000.",https://www.businessinsider.com/home-prices-falling-phoenix-arizona-real-estate-listings-cheapest-2023-10,https://i.insider.com/65241a186561dd877e749b27?width=1200&format=jpeg,2023-10-15T08:52:01Z
Bleacher Report,Adam Wells,"Chiefs' Travis Kelce Files for 5 Trademarks for Use on Clothing, Cereal, More","The Travis Kelce business is booming, and the Kansas City Chiefs star is looking to take advantage of it. Per trademark attorney Josh Gerben, Kelce has filed…",https://bleacherreport.com/articles/10095535-chiefs-travis-kelce-files-for-5-trademarks-for-use-on-clothing-cereal-more,"https://media.bleacherreport.com/image/upload/c_fill,g_faces,w_3800,h_2000,q_95/v1698770519/zhqm8thp6gd6t6ed7vwi.jpg",2023-10-31T17:04:48Z
Business Insider,Dan DeFrancesco,Insider Today: Harvard backlash,A letter signed by several Harvard student groups placing the blame on Israel for the Hamas terror acts has led to significant backlash.,https://www.businessinsider.com/news-today-october-13-harvard-hamas-israel-war-backlash-2023-9,https://i.insider.com/6528b6d06561dd877e799efe?width=1200&format=jpeg,2023-10-13T12:46:13Z
CBS News,Megan Cerullo,"Taylor Swift ""Eras Tour"" concert film could revive movie theaters","Taylor Swift is singlehandedly breathing new life into movie theaters across globe, industry analysts say.",https://www.cbsnews.com/news/taylor-swift-eras-tour-concert-film-movie-theaters/,https://assets2.cbsnewsstatic.com/hub/i/r/2023/10/13/d4deba7e-79db-4186-a31d-ac78c59f67bd/thumbnail/1200x630/03f74a9891be6a9071640d4a833cd339/gettyimages-1730875569.jpg?v=a6a127b4a243923dd1e2140b75f2a43c,2023-10-13T21:52:00Z
ESPN,Eric Karabell,Flex and superflex rankings,"Trying to decide between a couple of closely ranked fantasy football players this week? Eric Karabell ranks the top 150 QBs, RBs, WRs and TEs to make the decision easy for you.",https://www.espn.com/fantasy/football/story/_/id/38793185/fantasy-football-superflex-rankings-2023-qb-rb-wr-te,https://a.espncdn.com/combiner/i?img=%2Fphoto%2F2023%2F1015%2Fr1238813_1296x729_16%2D9.jpg,2023-11-01T14:54:34Z
CBS News,CBS News,Taylor Swift makes history with latest Grammy nods,"Taylor Swift became the first artist in Grammy history to be nominated seven times in the song of the year category when she was nominated Friday for her hit ""Anti-Hero."" Swift received a total of six nominations.",https://www.cbsnews.com/video/taylor-swift-makes-history-with-latest-grammy-nods/,https://assets1.cbsnewsstatic.com/hub/i/r/2023/11/11/3570c7f0-f8a2-4860-8f50-3521bc7e0679/thumbnail/1200x630/9859502d18b143588a527c770ba3aba9/cbsn-fusion-taylor-swift-makes-history-with-latest-grammy-nods-thumbnail-2443056-640x360.jpg?v=8afad5e29ac9a704fff9d98ba34d3649,2023-11-11T01:40:54Z
CBS News,"Meredith Gordon, Fox Van Allen",How to watch today's Los Angeles Chargers vs. Kansas City Chiefs game,Join Taylor Swift and some football players for the Los Angeles Chargers vs. Kansas City Chiefs game this Sunday.,https://www.cbsnews.com/essentials/how-to-watch-todays-los-angeles-chargers-vs-kansas-city-chiefs-game-2023-10-22/,https://assets2.cbsnewsstatic.com/hub/i/r/2023/10/20/2da3e908-3da0-40d0-b59e-f6ecce4cbe4f/thumbnail/1200x630/569a79ea054491386e633f508fb1ead0/chiefs-fans.jpg?v=18a5d3569ab1a3ca759fe14d213f7845,2023-10-22T13:00:13Z
CBS News,CBS News,High box office expectations for Taylor Swift concert film,"Taylor Swift's highly anticipated concert film, ""The Eras Tour,"" hit theaters this weekend. The film was shot at a series of concerts at SoFi Stadium near Los Angeles.",https://www.cbsnews.com/video/high-box-office-expectations-for-taylor-swift-concert-film/,https://assets2.cbsnewsstatic.com/hub/i/r/2023/10/15/f81cc642-0c8b-4a5d-988f-c8d9d12d0865/thumbnail/1200x630/0aa2eab6aa9baa7e8b8c00ce69507b19/1014-wn-taylorswiftvo-2372158-640x360.jpg?v=a6a127b4a243923dd1e2140b75f2a43c,2023-10-15T02:24:02Z
Bleacher Report,Francisco Rosa,Travis Kelce's Dominance Championed by Fans as Chiefs Cruise Past Broncos,Travis Kelce was the Denver Broncos' anti-hero Thursday night. And in a game in which the Kansas City Chiefs struggled to get much going on the offensive side…,https://bleacherreport.com/articles/10093192-travis-kelces-dominance-championed-by-fans-as-chiefs-cruise-past-broncos,"https://media.bleacherreport.com/image/upload/x_24,y_15,w_1772,h_1181,c_crop/c_fill,g_faces,w_3800,h_2000,q_95/v1697164779/woprjlwiwh780wk8nuxo.jpg",2023-10-13T03:23:42Z
CBS News,Megan Cerullo,"Taylor Swift becomes a billionaire with new re-recording of ""1989""","Taylor Swift's wealth has crossed the billion-dollar mark thanks to her ""Eras"" tour, as well as a new release of her nine-year-old ""1989"" album.",https://www.cbsnews.com/news/taylor-swift-billionaire-1989-release-eras-tour/,https://assets2.cbsnewsstatic.com/hub/i/r/2023/09/21/cb6c1e50-d26b-4bed-bbf3-2928c7ab80e7/thumbnail/1200x630/037bb459e388f97f688d9821c885c071/gettyimages-1677606107.jpg?v=287f03e8b6c956e3847aad6c604a17dd,2023-10-27T14:12:00Z
CBS News,Alex Sundby,"Taylor Swift cheers on Travis Kelce again as ""Eras Tour"" movie debuts",Taylor Swift traded her movie premiere's red carpet for red Kansas City Chiefs gear as the singer-songwriter cheered on tight end Travis Kelce​​ and the defending Super Bowl champions once again.,https://www.cbsnews.com/news/taylor-swift-travis-kelce-eras-tour-movie-debuts/,https://assets1.cbsnewsstatic.com/hub/i/r/2023/10/13/2d065c48-c434-404c-ab08-11dcfe0b1601/thumbnail/1200x630g1/b832b455b9b059e24cadb2f09d6c9569/gettyimages-1732500341.jpg?v=a6a127b4a243923dd1e2140b75f2a43c,2023-10-13T18:21:51Z
CBS News,"Gina Martinez, Alex Sundby",Taylor Swift returns to Arrowhead stadium to cheer on Travis Kelce,This is the fifth time Swift has been seen cheering on Kansas Chiefs tight end Travis Kelce and the defending Super Bowl champions.,https://www.cbsnews.com/news/taylor-swift-back-at-arrowhead-stadium-cheering-kansas-city-chiefs-travis-kelce/,https://assets2.cbsnewsstatic.com/hub/i/r/2023/10/22/9acea196-5a5a-4193-a2ac-6f3767cb1fc9/thumbnail/1200x630/b76de78863766e66125293d3e9c9fba2/gettyimages-1750804163.jpg?v=18a5d3569ab1a3ca759fe14d213f7845,2023-10-22T22:44:58Z
Breitbart News,"Amy Furr, Amy Furr","Report: NJ Democrat Gov. Phil Murphy Spent Taxpayer Money at Taylor Swift Concert, Other Events","New Jersey Gov. Phil Murphy (D) reportedly spent taxpayer funds at stadium events, including a Taylor Swift concert.",https://www.breitbart.com/politics/2023/10/31/report-nj-democrat-gov-phil-murphy-spent-taxpayer-money-taylor-swift-concert-other-events/,https://media.breitbart.com/media/2022/10/Yana-Paskova_Getty-Images-640x335.jpg,2023-10-31T19:45:18Z
ESPN,Adam Teicher,Another 'monster' game for Kelce as Chiefs cruise,"With teammate Kansas City's Patrick Mahomes saying that ""he'll be a Hall of Famer one day,"" Chiefs tight end Travis Kelce posted 179 yards receiving and a touchdown Sunday in his club's 31-17 victory over the rival Los Angeles Chargers.",https://www.espn.com/nfl/story/_/id/38722462/travis-kelce-179-yards-headline-chiefs-win-chargers,https://a4.espncdn.com/combiner/i?img=%2Fphoto%2F2023%2F1023%2Fr1242223_1296x729_16%2D9.jpg,2023-10-23T01:54:36Z
CBS News,Emily Mae Czachor,"""SNL"" returns with host Pete Davidson, Taylor Swift and Travis Kelce cameos","""Saturday Night Live"" returned with its first live broadcast in almost six months, after its previous season was cut short due to the writers' strike.",https://www.cbsnews.com/news/snl-premiere-pete-davidson-taylor-swift-travis-kelce-israel-hamas-war-surprise-cameo-appearance/,https://assets1.cbsnewsstatic.com/hub/i/r/2023/04/13/34a6fd9a-f7f9-45b2-b345-beb52d267adb/thumbnail/1200x630/0257638084f22a51da772903a153ff61/gettyimages-1425710209.jpg?v=a6a127b4a243923dd1e2140b75f2a43c,2023-10-15T13:47:40Z
Breitbart News,"Christian K. Caruzo, Christian K. Caruzo",Argentina Socialists Weaponize Taylor Swift Against Conservative Presidential Frontrunner,Leftist fans of Taylor Swift in Argentina launched a campaign urging fellow Swifties not to vote for libertarian economist Javier Milei.,https://www.breitbart.com/latin-america/2023/11/10/argentina-socialists-weaponize-taylor-swift-against-conservative-presidential-frontrunner/,https://media.breitbart.com/media/2023/11/Taylor-Swift-640x335.jpeg,2023-11-10T21:47:27Z
CNN,Danielle Wiener-Bronner,Taylor Swift's concert movie brought in about $96 million at the box office,Taylor Swift can add a new title to her illustrious resume: box-office superstar.,https://www.cnn.com/2023/10/15/business/taylor-swift-eras-box-office/index.html,"https://media.cnn.com/api/v1/images/stellar/prod/231015104557-01-taylor-swift-eras-tour-movie-box-office-restricted.jpg?c=16x9&q=w_800,c_fill",2023-10-15T18:26:08Z
CNN,Lisa Respers France,Travis Kelce spills on his NYC weekend with Taylor Swift,At least we can now definitely say Travis Kelce has been going out on dates with Taylor Swift.,https://www.cnn.com/2023/10/19/entertainment/travis-kelce-taylor-swift-weekend/index.html,"https://media.cnn.com/api/v1/images/stellar/prod/231019111414-01-taylor-swift-travis-kelce-1015-restricted.jpg?c=16x9&q=w_800,c_fill",2023-10-19T20:26:58Z
Bleacher Report,Timothy Rapp,Fantasy Football Week 8: Top 100 Players' Updated Trade Value and Advice,"Chances are you are either gearing up for a title run or trying to inject some life into a fantasy season that is slipping away. It's trade szn, baby. Let the…",https://bleacherreport.com/articles/10094747-fantasy-football-week-8-top-100-players-updated-trade-value-and-advice,"https://media.bleacherreport.com/image/upload/c_fill,g_faces,w_3800,h_2000,q_95/v1698205230/dabmpo3vqlmiqnogrpqw.jpg",2023-10-26T11:00:00Z
Bleacher Report,Timothy Rapp,Fantasy Football Week 7: Examining Trade Value for This Year's Top 100 Players,"We are nearing the point in the fantasy football season where that one person in your league is going to start sending you lopsided fantasy trades, hoping to…",https://bleacherreport.com/articles/10093938-fantasy-football-week-7-examining-trade-value-for-this-years-top-100-players,"https://media.bleacherreport.com/image/upload/x_50,y_32,w_1749,h_1164,c_crop/c_fill,g_faces,w_3800,h_2000,q_95/v1697649368/tkin2e0bv51cqiebb0t5.jpg",2023-10-19T11:00:00Z
CNN,Lisa Respers France,Taylor Swift kissing Travis Kelce is the latest thing to have Swifties excited,A photo showing Taylor Swift sweetly kissing Travis Kelce has caused some excitement among her die hard fan base.,https://www.cnn.com/2023/10/24/entertainment/taylor-swift-kissing-travis-kelce/index.html,"https://media.cnn.com/api/v1/images/stellar/prod/231024130836-travis-kelce-taylor-swift-101523.jpg?c=16x9&q=w_800,c_fill",2023-10-24T13:35:13Z
CBC News,,"The 2024 Grammy nominations: Women dominate while Drake, Gosling pick up nods","The 2024 Grammy nominations were announced Friday morning, with SZA, Taylor Swift and the Barbie movie soundtrack leading the female-dominated pack.",https://www.cbc.ca/news/entertainment/grammy-nominations-2024-1.7024901,https://i.cbc.ca/1.7024923.1699627541!/fileImage/httpImage/image.jpg_gen/derivatives/16x9_620/1246825347.jpg,2023-11-10T17:11:27Z
CBS News,CBS News,"SZA leads Grammy nominations, up for ""Album of the Year"" with Miley Cyrus, Taylor Swift and Janelle Monáe","The 66th Grammy Awards nominations have been announced and SZA tops the list with nods in nine categories. Joe Levy, a contributor editor for ""Rolling Stone,"" joins CBS News with a look at the artists nominated.",https://www.cbsnews.com/video/sza-leads-grammy-noms-up-for-album-of-the-year-with-miley-cyrus-taylor-swift-and-janelle-mone/,https://assets1.cbsnewsstatic.com/hub/i/r/2023/11/10/dde07977-8bd2-4457-853f-350de13d8ddf/thumbnail/1200x630/04a1775e0e6a64ef0b9f950952107d5c/cbsn-fusion-sza-leads-grammy-noms-up-for-album-of-the-year-with-miley-cyrus-taylor-swift-and-janelle-mone-thumbnail-2442181-640x360.jpg?v=8afad5e29ac9a704fff9d98ba34d3649,2023-11-10T21:27:18Z
ESPN,Eric Moody and NFL Nation,NFL Nation update: Invest in Raiders?,"Our NFL Nation reporters answer key questions heading into the weekend's games, including what to expect from the Raiders and the Saints' Taysom Hill.",https://www.espn.com/fantasy/football/story/_/id/38808772/nfl-nation-fantasy-football-update-week-9-news-notes-las-vegas-raiders-new-orleans-saints,https://a2.espncdn.com/combiner/i?img=%2Fphoto%2F2023%2F1103%2Fr1248091_1296x729_16%2D9.jpg,2023-11-04T11:07:46Z
CBS News,Paula Cohen,Grammy Awards announce 2024 nominations — here's the list,"The Grammy Awards air Sunday, Feb. 4, 2024, live on CBS and streaming on Paramount+",https://www.cbsnews.com/news/grammy-nominations-2024-nominees-list/,https://assets3.cbsnewsstatic.com/hub/i/r/2018/12/03/20278347-33a2-4926-a220-4c525141ce30/thumbnail/1200x630g8/8d5715de58fe1343338c81339f3b3a2a/gettyimages-529168430.jpg?v=8afad5e29ac9a704fff9d98ba34d3649,2023-11-10T17:16:36Z
CNN,Brian Lowry,Taylor Swift has given theaters a sugar rush. What they need is a steady drip of hits,"If you think about it, 2023 is shaping up to be the year that blonde women bailed out the movie industry, with Taylor Swift's concert film, ""Taylor Swift: The Eras Tour,"" providing a shot of adrenaline to the fall after ""Barbie"" helped offset several high-pro…",https://www.cnn.com/2023/10/16/entertainment/taylor-swift-eras-tour-box-office-column/index.html,"https://media.cnn.com/api/v1/images/stellar/prod/231011210646-01-taylor-swift-concert-film-premiere-1011.jpg?c=16x9&q=w_800,c_fill",2023-10-16T15:55:54Z
CNN,Alli Rosenbloom,Taylor Swift and Travis Kelce's whirlwind week caps off with 'SNL' cameos -- and some hand-holding,"On Saturday, Swift and the Super Bowl champ made separate cameos on ""Saturday Night Live"" in the sketch show's first episode back after a long delay due to the writers' strike.",https://www.cnn.com/2023/10/15/entertainment/taylor-swift-travis-kelce-snl/index.html,"https://media.cnn.com/api/v1/images/stellar/prod/231015110013-01-travis-kelce-taylor-swift-1014-restricted.jpg?c=16x9&q=w_800,c_fill",2023-10-15T15:52:07Z
CBS News,"Meredith Gordon, Fox Van Allen","How to watch today's New York Giants vs. Buffalo Bills game: Livestream options, kickoff time, schedule, more",Tyrod Taylor steps in for Daniel Jones as the NY Giants face the Buffalo Bills on Sunday Night Football.,https://www.cbsnews.com/essentials/how-to-watch-todays-new-york-giants-vs-buffalo-bills-game-2023-10-15/,https://assets2.cbsnewsstatic.com/hub/i/r/2023/10/13/f017a45d-d009-4b8c-b73d-701d531e537c/thumbnail/1200x630/f7a75c7f69b2bb731536018bbb56458e/tyrod-taylor.jpg?v=a6a127b4a243923dd1e2140b75f2a43c,2023-10-15T11:00:25Z
CNN,Alli Rosenbloom,Taylor Swift and Jack Antonoff celebrate 'Cruel Summer' hitting No. 1 four years after initial release,"Taylor Swift's latest milestone feels like a complete ""fever dream."" On Monday, the singer and her collaborator Jack Antonoff celebrated their co-written song ""Cruel Summer,"" from the singer's 2019 album ""Lover,"" hitting No. 1 on Billboard's Hot 100 chart.",https://www.cnn.com/2023/10/23/entertainment/taylor-swift-cruel-summer/index.html,"https://media.cnn.com/api/v1/images/stellar/prod/231023191730-taylor-swift-jack-antonoff-restricted.jpg?c=16x9&q=w_800,c_fill",2023-10-24T00:15:59Z
CBC News,,Taylor Swift to bring Eras Tour to Vancouver for 3 nights in December 2024,Taylor Swift is preparing to bring her Eras Tour to Vancouver for three nights next December.,https://www.cbc.ca/news/canada/british-columbia/taylor-swift-vancouver-dates-1.7016290,https://i.cbc.ca/1.7000213.1697665749!/fileImage/httpImage/image.jpg_gen/derivatives/16x9_620/1730788866.jpg,2023-11-02T15:21:45Z
ESPN,Gabriele Marcotti,How super-agent Rafaela Pimenta became soccer's most influential woman,"Pimenta has been working in soccer for over two decades, bringing her legal expertise to her role as 'super-agent.' She's also honed a unique perspective on what how to help her clients, who include Erling Haaland, Paul Pogba and more.",https://www.espn.com/soccer/story/_/id/38633803/super-agent-pimenta-talks-discrimination-transfers-haaland,https://a.espncdn.com/combiner/i?img=%2Fphoto%2F2023%2F1012%2Fr1237565_1296x729_16%2D9.jpg,2023-10-13T14:05:32Z
ESPN,Eric Karabell,Flex and superflex rankings,"Trying to decide between a couple of closely ranked fantasy football players this week? Eric Karabell ranks the top 150 QBs, RBs, WRs and TEs to make the decision easy for you.",https://www.espn.com/fantasy/football/story/_/id/38686509/fantasy-football-superflex-rankings-2023-qb-rb-wr-te,https://a2.espncdn.com/combiner/i?img=%2Fphoto%2F2023%2F1018%2Fr1240058_1296x729_16%2D9.jpg,2023-10-18T14:53:40Z
CBC News,,B.C. Swiftie fans who couldn't see Eras concert in person super excited about the film,Taylor Swift's concert movie is giving superfans like Carol Hansson of Prince George B.C. the chance to see their idol up close.,https://www.cbc.ca/news/canada/british-columbia/b-c-swiftie-fans-concert-film-1.6995774,https://i.cbc.ca/1.6931217.1697236805!/fileImage/httpImage/image.jpg_gen/derivatives/16x9_620/1474270294.jpg,2023-10-14T01:16:35Z
Bleacher Report,Joseph Zucker,"Video: Travis Kelce, Taylor Swift Dating Rumors and NFL Spoofed by Pete Davidson, SNL",Saturday Night Live took square aim at the NFL's biggest story: the ongoing romance between Taylor Swift and Kansas City Chiefs star Travis Kelce. With cast…,https://bleacherreport.com/articles/10093451-video-travis-kelce-taylor-swift-dating-rumors-and-nfl-spoofed-by-pete-davidson-snl,"https://media.bleacherreport.com/image/upload/x_0,y_65,w_1800,h_1193,c_crop/c_fill,g_faces,w_3800,h_2000,q_95/v1697379393/jnrlsbdsddmiemcm8tgf.jpg",2023-10-15T14:33:08Z
Bleacher Report,Erin Walsh,"TMZ: Chiefs' Travis Kelce, Taylor Swift 'Been Dating for Several Months' amid Rumors",Any doubt about the romance between Travis Kelce and Taylor Swift was put to bed on Saturday night after the two were photographed getting affectionate in New…,https://bleacherreport.com/articles/10093458-tmz-chiefs-travis-kelce-taylor-swift-been-dating-for-several-months-amid-rumors,"https://media.bleacherreport.com/image/upload/c_fill,g_faces,w_3800,h_2000,q_95/v1697382711/irffnvzdyms6tzwlelnx.jpg",2023-10-15T15:13:17Z
Bleacher Report,Timothy Rapp,"Rob Gronkowski Invites Chiefs' Travis Kelce, Taylor Swift to His NFL Super Bowl Party",Rob Gronkowski wants to party with the Kelce brothers and Taylor Swift at his Super Bowl party this year. Assuming neither Kansas City Chiefs tight end Travis…,https://bleacherreport.com/articles/10093556-rob-gronkowski-invites-chiefs-travis-kelce-taylor-swift-to-his-nfl-super-bowl-party,"https://media.bleacherreport.com/image/upload/x_0,y_0,w_1797,h_1199,c_crop/c_fill,g_faces,w_3800,h_2000,q_95/v1697461829/hgnxkm8alvktu8wk0yhz.jpg",2023-10-16T13:12:24Z
CBS News,"Meredith Gordon, Fox Van Allen",How to watch every Kansas City Chiefs game this season,We've got all the information you need to watch every Chiefs game this season (even the one that isn't on network TV).,https://www.cbsnews.com/essentials/how-to-watch-every-kansas-city-chiefs-game-season/,https://assets1.cbsnewsstatic.com/hub/i/r/2023/11/03/55b000c9-215e-4b02-b2b4-9fb2939c2503/thumbnail/1200x630/fb0afcb1236c9d95292db4b538561100/travis-kelce-patrick-mahomes.jpg?v=c81a9d6c51e6280f2f4f876031d7d9bc,2023-11-03T20:15:25Z
CBS News,"Meredith Gordon, Fox Van Allen","How to watch today's New Orleans Saints vs. Indianapolis Colts NFL game: LIvestream options, starting time, more",It's a must-win game for both teams today as the Indianapolis Colts host the New Orleans Saints.,https://www.cbsnews.com/essentials/how-to-watch-the-new-orleans-saints-vs-indianapolis-colts-game-2023-10-29/,https://assets2.cbsnewsstatic.com/hub/i/r/2023/10/27/38cf864c-bb4f-4ee2-95d8-0814534ae0a2/thumbnail/1200x630/620c96e27acc4bc2de5aad5775222008/jonathan-taylor-indianapolis-colts.jpg?v=5799c2de91a486f8a37c0b0f0daf468a,2023-10-29T10:26:41Z
Bleacher Report,Adam Wells,"TMZ: Taylor Swift Won't Attend Travis Kelce, Chiefs' Game vs. Broncos in Week 8","Travis Kelce will be left to his own devices when the Kansas City Chiefs play the Denver Broncos on Sunday. Per TMZ Sports, Taylor Swift won't be attending…",https://bleacherreport.com/articles/10095141-tmz-taylor-swift-wont-attend-travis-kelce-chiefs-game-vs-broncos-in-week-8,"https://media.bleacherreport.com/image/upload/c_fill,g_faces,w_3800,h_2000,q_95/v1698495427/x6czr3c1n92etofd7c0r.jpg",2023-10-28T12:43:58Z
Bleacher Report,Joseph Zucker,"Chiefs' Travis Kelce Will Have Feature on Jason Kelce, Eagles' 2nd Christmas Album",Travis Kelce starts dating Taylor Swift and all of a sudden the Kansas City Chiefs star embarks on a musical career. Travis and brother Jason announced…,https://bleacherreport.com/articles/10094798-chiefs-travis-kelce-will-have-feature-on-jason-kelce-eagles-2nd-christmas-album,"https://media.bleacherreport.com/image/upload/x_98,y_98,w_1650,h_1098,c_crop/c_fill,g_faces,w_3800,h_2000,q_95/v1698249212/uqm5yovrqffn0apsmtgr.jpg",2023-10-25T16:08:49Z
Bleacher Report,Joseph Zucker,"Jason Kelce Says Travis, Taylor Swift Dating Reached a 'Weird' Level Due to Paparazzi","Kansas City Chiefs tight end Travis Kelce had already gained a level of fame before getting linked romantically with Taylor Swift. His brother, Jason,…",https://bleacherreport.com/articles/10094477-jason-kelce-says-travis-taylor-swift-dating-reached-a-weird-level-due-to-paparazzi,"https://media.bleacherreport.com/image/upload/x_82,y_145,w_1579,h_1050,c_crop/c_fill,g_faces,w_3800,h_2000,q_95/v1698064710/krgz8p8a3bnjzbiaeabt.jpg",2023-10-23T13:03:45Z
Bleacher Report,Scott Polacek,Video: Chiefs' Travis Kelce Reacts to Viral Taylor Swift Halloween TikTok Costume,Travis Kelce appreciates the jokes. The Kansas City Chiefs tight end reacted to a TikTok from JaxWritesSongs that played on the prank of Taylor Swift fans…,https://bleacherreport.com/articles/10095687-video-chiefs-travis-kelce-reacts-to-viral-taylor-swift-halloween-tiktok-costume,"https://media.bleacherreport.com/image/upload/c_fill,g_faces,w_3800,h_2000,q_95/v1698857777/q45yvvua5zxrvu3jmz1e.jpg",2023-11-01T16:58:25Z
Bleacher Report,Jack Murray,"Video: Travis Kelce, Taylor Swift Embrace at Eras Tour; 'Karma' Lyrics Changed for TE","It appears that the support between Kansas City Chiefs tight end Travis Kelce and superstar singer-songwriter Taylor Swift is a two-way street. Kelce, who is…",https://bleacherreport.com/articles/10096997-video-travis-kelce-taylor-swift-embrace-at-eras-tour-karma-lyrics-changed-for-te,"https://media.bleacherreport.com/image/upload/c_fill,g_faces,w_3800,h_2000,q_95/v1699760029/wrdn1hg408rvfpwrv9ta.jpg",2023-11-12T03:55:45Z
CBS News,"Meredith Gordon, Fox Van Allen","The Jaguars are riding high after winning three in a row, but without Trevor Lawrence, the Saints could land a win.","The Jaguars are riding high after winning three in a row, but without Trevor Lawrence, the Saints could land a win.",https://www.cbsnews.com/essentials/how-to-watch-jacksonville-jaguars-vs-new-orleans-saints-game-2023-10-19/,https://assets3.cbsnewsstatic.com/hub/i/r/2023/10/18/6ca8c43a-7e64-4d8c-9158-ed36385853fb/thumbnail/1200x630/9d643c97caea29902cd15219a7fd8d7d/trevor-lawrence-1.jpg?v=c616fa01c1e89090ed3e507dc56e7b05,2023-10-19T14:19:54Z
CBS News,"Meredith Gordon, Fox Van Allen","How to watch the New York Jets vs. New York Giants NFL game: Livestream options, starting time, more","In a Big Apple battle, the New York Jets take on the New York Giants in an early game today.",https://www.cbsnews.com/essentials/how-to-watch-the-new-york-jets-vs-ny-giants-game-2023-10-29/,https://assets1.cbsnewsstatic.com/hub/i/r/2023/10/27/d60814a7-5cda-47cc-b9db-8ac5d21a11e1/thumbnail/1200x630/75330986ae444e61c7265324c7c8893c/tyrod-taylor-tackled.jpg?v=5799c2de91a486f8a37c0b0f0daf468a,2023-10-29T10:42:13Z
CBC News,,"I'm a long-distance dad. So I went to Taylor Swift's movie alone, for my daughters",Jordan Kawchuk had promised his daughters that they’d watch Taylor Swift’s movie together. And they did — even if it wasn’t in the same theatre sitting side-by-side.,https://www.cbc.ca/news/canada/first-person-taylor-swift-movie-long-distance-dad-1.7019980,https://i.cbc.ca/1.7020539.1699330946!/fileImage/httpImage/image.jpeg_gen/derivatives/16x9_620/jordan-kawchuk.jpeg,2023-11-08T09:00:00Z
Buzzfeed,Michaela Bramwell,These 80 Hilarious October Tweets Have Me FALLing On The Floor In A Fit Of Laughter,"It's officially spooky season, bed bugs are overrunning Paris, the National Emergency Alert came early, Kevin McCarthy got booted as Speaker of The House, Beyoncé and Taylor Swift joined forces, Pete Davidson became a Swiftie meme, these celebrity wax statues…",https://www.buzzfeed.com/michaelabramwell/funny-tweets-from-october,"https://img.buzzfeed.com/buzzfeed-static/static/2023-10/26/16/enhanced/460455d174b5/original-868-1698338556-2.jpg?crop=1250:654;0,14%26downsize=1250:*",2023-10-26T16:55:03Z
CBS News,"Meredith Gordon, Fox Van Allen","How to watch today's Washington Commanders vs. New York Giants game: Livestream options,",The Washington Commanders are taking on the New York Giants in an early game. Here's how to watch.,https://www.cbsnews.com/essentials/how-to-watch-the-washington-commanders-vs-ny-giants-game-2023-10-22/,https://assets1.cbsnewsstatic.com/hub/i/r/2023/10/20/7b06c14e-4309-4fd3-b110-9bf753bd3392/thumbnail/1200x630/881b687dd21e736532222b5d3844fd56/tyrod-taylor-1.jpg?v=18a5d3569ab1a3ca759fe14d213f7845,2023-10-22T12:00:11Z
CBC News,,Vancouver hotels rooms already sold out for Taylor Swift's 2024 concert dates,"Vancouver is expecting an economic boon from Taylor Swift's 2024 concert dates, but Swifties are already finding hotel rooms sold out.",https://www.cbc.ca/news/canada/british-columbia/taylor-swift-vancouver-hotels-1.7017810,https://i.cbc.ca/1.6931222.1691587157!/fileImage/httpImage/image.jpg_gen/derivatives/16x9_620/1474294721.jpg,2023-11-03T22:28:58Z
CNN,Lisa Respers France,"'Frasier' reboot, 'Goosebumps' and 98 Degrees have us wondering... are we back in the '90s?",Blame this week's newsletter on McDonald's french fries.,https://www.cnn.com/2023/10/14/entertainment/frasier-reboot-90s-plc/index.html,"https://media.cnn.com/api/v1/images/stellar/prod/230823073140-02-frasier-reboot.jpg?c=16x9&q=w_800,c_fill",2023-10-14T13:08:37Z
CNN,Lisa Respers France,Britney Spears and Jada Pinkett Smith demonstrate the delicate dance of the celeb memoir,"Would you want to revisit your life and your past in order to share it all, both the good and the bad?",https://www.cnn.com/2023/10/28/entertainment/britney-spears-jada-pinkett-memoir-plc/index.html,"https://media.cnn.com/api/v1/images/stellar/prod/231024111419-02-plc-nl-1024-pinkett-smith-spears-split-restricted.jpg?c=16x9&q=w_800,c_fill",2023-10-28T14:53:47Z
CNN,Lisa Respers France,Kristin Cavallari wasn't 'shooting her shot' at Travis Kelce,Kristin Cavallari wants to clear something up about Travis Kelce.,https://www.cnn.com/2023/10/18/entertainment/kristin-cavallari-travis-kelce/index.html,"https://media.cnn.com/api/v1/images/stellar/prod/231018085602-kristin-cavallari-travis-kelce-split.jpg?c=16x9&q=w_800,c_fill",2023-10-18T13:35:44Z
CBS News,"Meredith Gordon, Fox Van Allen","How to watch today's Los Angeles Rams vs. Dallas Cowboys NFL game: Livestream options, starting time, more",The Los Angeles Rams take on the Dallas Cowboys in one of the best NFL matchups of the week. Here's how to watch.,https://www.cbsnews.com/essentials/how-to-watch-the-los-angeles-rams-vs-dallas-cowboys-game-2023-10-29/,https://assets3.cbsnewsstatic.com/hub/i/r/2023/10/27/4531f0c5-9377-423c-b472-a29c3182857a/thumbnail/1200x630/90f57b5eb78c56cde8cfc5d50c0530bc/matthew-stafford.jpg?v=5799c2de91a486f8a37c0b0f0daf468a,2023-10-29T10:16:32Z
CBS News,"Meredith Gordon, Fox Van Allen","How to watch today's Houston Texans vs. Carolina Panthers NFL game: Livestream options, starting time, more",The Houston Texans (3-3) are taking on the Carolina Panthers (0-6) this week. Here's how to watch the NFL game.,https://www.cbsnews.com/essentials/how-to-watch-the-houston-texans-vs-carolina-panthers-game-2023-10-29/,https://assets1.cbsnewsstatic.com/hub/i/r/2023/10/27/885b28b2-c3dd-42e3-a92c-324d6ba98dbe/thumbnail/1200x630/73f630ce5c190c60448c3411c731c43c/bryce-young-1.jpg?v=5799c2de91a486f8a37c0b0f0daf468a,2023-10-29T10:10:33Z
CBS News,"Meredith Gordon, Fox Van Allen","How to watch today's Baltimore Ravens vs. Arizona Cardinals NFL game: Livestream options, starting time, more",Here's how and when to watch today's game between the Baltimore Ravens and Arizona Cardinals.,https://www.cbsnews.com/essentials/how-to-watch-the-baltimore-ravens-vs-arizona-cardinals-game-2023-10-29/,https://assets2.cbsnewsstatic.com/hub/i/r/2023/10/27/4cb02bee-7f04-40ef-9a0c-2b13a93a8ae5/thumbnail/1200x630/2bb7a2ecbf34c32c058186aa60af1d85/odell-beckham-jr-ravens-1.jpg?v=5799c2de91a486f8a37c0b0f0daf468a,2023-10-29T11:17:35Z
CBS News,"Meredith Gordon, Fox Van Allen","How to watch today's Cincinnati Bengals vs. San Francisco 49ers NFL game: Livestream options, starting time",Here's how and when to watch today's game between the Cincinnati Bengals and San Francisco 49ers.,https://www.cbsnews.com/essentials/how-to-watch-the-cincinnati-bengals-vs-san-francisco-49ers-game-2023-10-29/,https://assets3.cbsnewsstatic.com/hub/i/r/2023/10/27/728e566f-6084-46b9-8917-b82c6de906d1/thumbnail/1200x630/19bdf08821466fbb17ea04a2939b7bb1/george-kittle.jpg?v=5799c2de91a486f8a37c0b0f0daf468a,2023-10-29T11:30:23Z
CBS News,"Meredith Gordon, Fox Van Allen","How to watch today's Philadelphia Eagles vs. Washington Commanders NFL game: livestream options, starting time",Watch the Washington Commanders try to upset the 6-1 Philadelphia Eagles in an early game today.,https://www.cbsnews.com/essentials/how-to-watch-the-philadelphia-eagles-vs-washington-commanders-game-2023-10-29/,https://assets1.cbsnewsstatic.com/hub/i/r/2023/10/27/d119058b-9351-4205-a33f-b9cc86531717/thumbnail/1200x630/a9c92f1a129cc7b05674f6783e6fe523/jason-kelce.jpg?v=5799c2de91a486f8a37c0b0f0daf468a,2023-10-29T11:05:57Z
Bleacher Report,Adam Wells,Chiefs' Travis Kelce Addresses Viral Taylor Swift Stat Graphic from Chargers Game,Kansas City Chiefs star Travis Kelce is well aware of the difference in his performance this season when Taylor Swift is at his games as opposed to when she's…,https://bleacherreport.com/articles/10094796-chiefs-travis-kelce-addresses-viral-taylor-swift-stat-graphic-from-chargers-game,"https://media.bleacherreport.com/image/upload/c_fill,g_faces,w_3800,h_2000,q_95/v1698248132/gvfxqdyvgzghqizbsdnb.jpg",2023-10-25T16:03:47Z
CBS News,"Meredith Gordon, Fox Van Allen","How to watch today's Kansas City Chiefs vs. Denver Broncos NFL game: Livestream options, starting time, more",Travis Kelce and the Kansas City Chiefs hit the road to face Russell Wilson and the struggling Denver Broncos.,https://www.cbsnews.com/essentials/how-to-watch-the-kansas-city-chiefs-vs-denver-broncos-game-2023-10-29/,https://assets2.cbsnewsstatic.com/hub/i/r/2023/10/27/0e6d933b-4127-4d64-82b3-38aa97303108/thumbnail/1200x630/c3ded345de8d38df37f5f3cd709d9c1b/travis-kelce-4.jpg?v=5799c2de91a486f8a37c0b0f0daf468a,2023-10-29T11:22:11Z
CBS News,"Meredith Gordon, Fox Van Allen","How to watch today's Cleveland Browns vs. Seattle Seahawks NFL game: Livestream options, starting time",Here's how and when to watch today's Cleveland Browns vs. Seattle Seahawks game.,https://www.cbsnews.com/essentials/how-to-watch-the-cleveland-browns-vs-seattle-seahawks-game-2023-10-29/,https://assets2.cbsnewsstatic.com/hub/i/r/2023/10/27/2222ebc8-973a-4755-a452-aa11abb8f8b0/thumbnail/1200x630/21afdfcee1e23c544b6e305965bef47d/gettyimages-1699022072-1.jpg?v=5799c2de91a486f8a37c0b0f0daf468a,2023-10-29T11:10:25Z
CBS News,"Meredith Gordon, Fox Van Allen","How to watch the Minnesota Vikings vs. Green Bay Packers NFL game: Livestream options, starting time, more",The Minnesota Vikings hope to keep their momentum going as they face the Green Bay Packers today.,https://www.cbsnews.com/essentials/how-to-watch-the-minnesota-vikings-vs-green-bay-packers-game-2023-10-29/,https://assets1.cbsnewsstatic.com/hub/i/r/2023/10/27/f735fec5-f0d4-4bce-8e25-ac167f40c1f3/thumbnail/1200x630/0e59b05a360293cb62dc991af1b62338/jordan-love-1.jpg?v=5799c2de91a486f8a37c0b0f0daf468a,2023-10-29T10:21:48Z
CBS News,"Meredith Gordon, Fox Van Allen","How to watch today's Atlanta Falcons vs. Tennessee Titans NFL game: Livestream options, starting time, more",Here's how and when to watch today's game between the Atlanta Falcons and Tennessee Titans.,https://www.cbsnews.com/essentials/how-to-watch-the-atlanta-falcons-vs-tennessee-titans-game-2023-10-29/,https://assets2.cbsnewsstatic.com/hub/i/r/2023/09/01/95fd7326-a5d6-42bf-95d9-0fcd9eba3f6d/thumbnail/1200x630/f665161cbc1f5b980e423f4248ba7559/gettyimages-1608723609.jpg?v=5799c2de91a486f8a37c0b0f0daf468a,2023-10-29T10:59:00Z
CBS News,"Meredith Gordon, Fox Van Allen","How to watch today's Jacksonville Jaguars vs. Pittsburgh Steelers NFL game: livestream options, starting time",The Jacksonville Jaguars seek AFC South domination as they head north to face the Pittsburgh Steelers today.,https://www.cbsnews.com/essentials/how-to-watch-the-jacksonville-jaguars-vs-pittsburgh-steelers-game-2023-10-29/,https://assets1.cbsnewsstatic.com/hub/i/r/2023/10/27/1e10a15e-947e-4e39-a1a1-5ff0d2ce128d/thumbnail/1200x630/dcb452d0a1f0081418e6cca4b610932a/doug-pederson-1.jpg?v=5799c2de91a486f8a37c0b0f0daf468a,2023-10-29T10:50:57Z
